t,i,j,k,v,q
2018,300,276,300490,195533.417,6237.265
2018,300,276,330210,0.506,0.018
2018,300,276,711319,646.173,0.535
2018,300,400,300490,7035.142,420.923
2018,300,400,330210,23.026,2.031
2018,300,400,711319,14.594,0.003
2018,300,634,300490,131.5,7.441
2018,300,634,711319,1586.581,0.019
2018,300,682,300490,4528.276,127.103
2018,300,682,330210,370.36,8.97
2018,300,682,711319,38.498,0.004
2018,300,784,300490,7608.441,253.245
2018,300,784,330210,0.921,0.02
2018,300,784,711319,168.105,0.009
2018,300,818,300490,491.048,40.04
2018,300,818,330210,9.477,0.5
2018,380,276,280920,1449.597,855.037
2018,380,276,300490,1517661.15,23597.748
2018,380,276,330210,10649.741,1650.839
2018,380,276,711319,127655.583,1.922
2018,380,400,300490,15357.617,708.691
2018,380,400,330210,932.531,49.084
2018,380,400,711319,96712.017,2.374
2018,380,634,300490,3248.245,231.299
2018,380,634,711319,24153.518,0.188
2018,380,682,300490,19565.708,1386.229
2018,380,682,330210,311.86,33.501
2018,380,682,711319,8670.915,0.229
2018,380,784,280920,4.79,3.871
2018,380,784,300490,63867.235,3466.803
2018,380,784,330210,470.863,40.624
2018,380,784,711319,856801.516,32.002
2018,380,818,280920,21.343,11.446
2018,380,818,300490,11826.67,501.256
2018,380,818,330210,176.587,8.601
2018,380,818,711319,3318.112,0.099
2018,400,276,300490,93.126,3.544
2018,400,276,330210,9.514,0.552
2018,400,276,711319,71.883,0.009
2018,400,634,300490,13821.751,297.432
2018,400,634,330210,26.111,1.58
2018,400,682,280920,3895.571,7770.51
2018,400,682,300490,49895.367,677.657
2018,400,682,330210,1372.144,1180.57
2018,400,682,711319,481.849,0.011
2018,400,784,280920,23.138,26.076
2018,400,784,300490,42844.356,446.791
2018,400,784,330210,88.159,10.072
2018,400,784,711319,1119.197,0.052
2018,400,818,280920,3980.798,5463.8
2018,400,818,300490,6799.697,283.26
2018,400,818,330210,2.859,0.25
2018,422,276,300490,1.28,0.06
2018,422,276,330210,0.958,0.386
2018,422,276,711319,2506.263,0.028
2018,422,400,300490,4302.056,128.022
2018,422,400,711319,1936.105,0.043
2018,422,784,300490,9447.45,75.665
2018,422,784,330210,0.09,0.15
2018,422,784,711319,208651.125,7.757
2018,682,276,300490,19.963,0.151
2018,682,276,711319,24.665,0.001
2018,682,400,300490,9942.988,1233.84
2018,682,400,330210,13.182,4.53
2018,682,400,711319,149.12,0.004
2018,682,784,300490,45833.024,5221.382
2018,682,784,330210,1.593,0.094
2018,682,784,711319,59598.616,2.014
2018,784,276,300490,9.152,0.067
2018,784,276,330210,510.377,2.565
2018,784,276,711319,8881.723,0.289
2018,784,400,300490,4236.167,228.79
2018,784,400,330210,138.729,80.769
2018,784,400,711319,40619.025,2.031
2018,784,682,280920,34.047,18.987
2018,784,682,300490,26955.65,1508.599
2018,784,682,330210,12369.767,466.174
2018,784,682,711319,330865.173,10.936
2018,784,818,280920,70.558,27.005
2018,784,818,300490,26160.395,487.55
2018,784,818,330210,1248.735,26.707
2018,784,818,711319,10768.047,0.437
2018,792,276,300490,76767.62,1051.337
2018,792,276,330210,10495.79,597.058
2018,792,276,711319,290423.607,9.017
2018,792,400,280920,1.643,1.524
2018,792,400,300490,3552.949,781.624
2018,792,400,330210,2979.729,240.879
2018,792,400,711319,125883.966,3.007
2018,792,634,300490,5132.709,168.83
2018,792,634,310311,1.763,3.5
2018,792,634,330210,5.505,0.865
2018,792,634,711319,95232.704,2.57
2018,792,682,300490,12526.269,150.262
2018,792,682,330210,2237.753,396.639
2018,792,682,711319,90563.5,2.608
2018,792,784,300490,11490.873,915.115
2018,792,784,330210,3842.932,346.007
2018,792,784,711319,841668.43,25.458
2018,792,818,280920,5.052,2.957
2018,792,818,300490,546.072,7.619
2018,792,818,330210,1655.777,141.424
2018,792,818,711319,3699.113,0.119
2018,818,276,300490,1133.504,614.708
2018,818,276,330210,0.835,0.442
2018,818,276,711319,4.061,
2018,818,400,300490,4051.487,191.859
2018,818,400,330210,5346.7,324.005
2018,818,400,711319,105.672,0.006
2018,818,784,300490,4785.411,258.341
2018,818,784,310311,43.098,251.44
2018,818,784,330210,762.486,229.272
2018,818,784,711319,6094.194,0.247
2019,300,276,300490,266043.177,6095.588
2019,300,276,330210,3.076,0.251
2019,300,276,711319,411.816,0.134
2019,300,400,300490,6913.68,524.542
2019,300,400,330210,13.651,1.429
2019,300,634,300490,98.116,2.76
2019,300,634,711319,1253.816,0.026
2019,300,682,300490,5302.107,136.277
2019,300,682,330210,386.879,11.82
2019,300,682,711319,262.542,0.007
2019,300,784,300490,8259.448,348.132
2019,300,784,711319,52.628,0.007
2019,300,818,300490,746.019,54.566
2019,300,818,330210,17.865,1.0
2019,380,276,280920,948.999,444.372
2019,380,276,300490,1608817.082,19539.117
2019,380,276,330210,9221.104,1582.94
2019,380,276,711319,138148.921,5.436
2019,380,400,300490,26822.863,390.833
2019,380,400,330210,99.037,7.379
2019,380,400,711319,51521.215,1.305
2019,380,634,300490,2239.736,112.143
2019,380,634,711319,16153.422,0.187
2019,380,682,300490,28041.629,3919.668
2019,380,682,330210,507.846,21.914
2019,380,682,711319,8145.812,0.29
2019,380,784,280920,4.458,5.078
2019,380,784,300490,65141.065,3476.914
2019,380,784,330210,467.996,37.516
2019,380,784,711319,943618.956,32.425
2019,380,818,280920,17.062,10.98
2019,380,818,300490,8241.497,148.867
2019,380,818,330210,63.898,2.89
2019,380,818,711319,2057.562,0.045
2019,400,276,300490,224.087,8.972
2019,400,276,330210,8.595,0.46
2019,400,276,711319,44.764,0.005
2019,400,634,300490,12982.572,324.611
2019,400,634,330210,22.573,1.236
2019,400,682,280920,19988.993,30495.1
2019,400,682,300490,99418.014,1464.55
2019,400,682,330210,1286.186,1155.12
2019,400,682,711319,2886.082,0.053
2019,400,784,280920,1609.793,54.65
2019,400,784,300490,36638.603,605.575
2019,400,784,330210,54.276,3.608
2019,400,784,711319,1918.339,0.086
2019,400,818,280920,8859.834,14141.2
2019,400,818,300490,6730.359,220.512
2019,422,276,300490,99.142,0.061
2019,422,276,330210,2.032,1.643
2019,422,276,711319,1227.206,0.021
2019,422,400,300490,4007.567,91.695
2019,422,400,330210,2.392,0.278
2019,422,400,711319,9115.959,0.245
2019,422,634,300490,1070.997,20.892
2019,422,634,711319,979.071,0.015
2019,422,682,300490,10121.15,27.839
2019,422,682,330210,0.174,0.002
2019,422,682,711319,5144.853,0.08
2019,422,784,300490,14177.38,98.346
2019,422,784,330210,10.864,2.619
2019,422,784,711319,162839.038,5.238
2019,422,818,300490,49.55,0.297
2019,422,818,330210,7.825,0.2
2019,422,818,711319,20.086,0.001
2019,682,276,300490,4.466,0.009
2019,682,276,711319,0.656,
2019,682,400,300490,15395.209,1858.45
2019,682,784,300490,37782.029,3173.02
2019,682,784,330210,1.626,0.1
2019,682,784,711319,214959.463,5.854
2019,784,276,300490,28.593,0.719
2019,784,276,330210,444.933,4.179
2019,784,276,711319,10377.21,0.311
2019,784,400,300490,3850.423,114.77
2019,784,400,330210,163.565,92.152
2019,784,400,711319,85561.027,2.898
2019,784,682,280920,33.519,17.391
2019,784,682,300490,14360.765,303.213
2019,784,682,330210,16392.592,348.048
2019,784,682,711319,328292.669,9.007
2019,784,818,280920,85.224,36.036
2019,784,818,300490,20749.83,237.532
2019,784,818,330210,2582.122,32.121
2019,784,818,711319,23505.732,0.8
2019,792,276,280920,0.299,0.034
2019,792,276,300490,36390.052,929.205
2019,792,276,330210,2524.818,187.613
2019,792,276,711319,395499.25,10.445
2019,792,400,280920,1.045,0.315
2019,792,400,300490,3769.027,2173.371
2019,792,400,330210,2540.781,207.453
2019,792,400,711319,51708.492,1.169
2019,792,634,300490,5967.35,193.626
2019,792,634,330210,27.803,6.494
2019,792,634,711319,105887.025,2.89
2019,792,682,280920,0.562,0.1
2019,792,682,300490,6208.337,147.929
2019,792,682,330210,2546.169,438.23
2019,792,682,711319,58068.061,1.651
2019,792,784,280920,4.099,3.395
2019,792,784,300490,10225.168,976.91
2019,792,784,330210,3292.29,281.721
2019,792,784,711319,1032803.983,27.562
2019,792,818,280920,3.545,2.415
2019,792,818,300490,4004.042,90.443
2019,792,818,330210,2019.97,185.069
2019,792,818,711319,7029.71,0.202
2019,818,276,300490,1166.746,741.071
2019,818,276,330210,50.928,10.524
2019,818,276,711319,3.748,
2019,818,400,300490,5005.677,293.777
2019,818,400,330210,5404.577,319.455
2019,818,400,711319,38.416,0.004
2019,818,784,300490,5004.453,1179.601
2019,818,784,310311,185.878,807.46
2019,818,784,330210,1195.228,444.179
2019,818,784,711319,2566.816,0.096
2020,300,276,300490,257769.055,7049.78
2020,300,276,330210,17.735,1.198
2020,300,276,711319,330.519,0.043
2020,300,400,300490,6550.796,508.864
2020,300,400,330210,5.96,0.397
2020,300,400,711319,18.983,0.002
2020,300,634,300490,672.72,8.548
2020,300,634,711319,155.212,0.003
2020,300,682,300490,5437.964,165.104
2020,300,682,330210,284.455,7.85
2020,300,682,711319,153.73,0.01
2020,300,784,300490,9915.661,262.539
2020,300,784,711319,105.512,0.024
2020,300,818,300490,384.31,38.675
2020,300,818,330210,103.451,6.0
2020,380,276,280920,910.074,380.263
2020,380,276,300490,1934814.116,25425.797
2020,380,276,330210,10041.091,1291.276
2020,380,276,711319,134762.034,5.298
2020,380,400,300490,16075.807,302.035
2020,380,400,330210,67.186,2.907
2020,380,400,711319,15639.817,0.361
2020,380,634,280920,3.111,0.456
2020,380,634,300490,19580.178,285.199
2020,380,634,711319,30704.599,2.84
2020,380,682,300490,15466.84,2493.219
2020,380,682,330210,505.216,32.481
2020,380,682,711319,8750.316,0.142
2020,380,784,280920,6.595,5.54
2020,380,784,300490,153477.756,3063.74
2020,380,784,330210,394.805,28.403
2020,380,784,711319,548351.981,19.64
2020,380,818,280920,21.362,11.1
2020,380,818,300490,9532.36,114.727
2020,380,818,330210,137.408,6.221
2020,380,818,711319,5307.262,0.112
2020,400,276,300490,201.265,6.899
2020,400,276,330210,25.809,0.434
2020,400,276,711319,303.152,0.015
2020,400,634,280920,93.227,
2020,400,634,300490,13337.893,251.147
2020,400,634,330210,23.534,1.35
2020,400,634,711319,22.349,0.001
2020,400,682,280920,8690.65,8912.533
2020,400,682,300490,82289.752,
2020,400,682,330210,2064.543,118.396
2020,400,682,711319,1670.441,0.034
2020,400,784,280920,23.574,28.148
2020,400,784,300490,43353.232,473.468
2020,400,784,330210,40.071,2.308
2020,400,784,711319,2284.978,0.081
2020,400,818,280920,9877.099,10129.275
2020,400,818,300490,7795.468,86.178
2020,400,818,711319,341.39,0.007
2020,422,276,300490,309.26,0.125
2020,422,276,330210,2.254,3.436
2020,422,276,711319,290.158,0.003
2020,422,400,300490,2512.287,49.994
2020,422,400,711319,4627.365,0.099
2020,422,634,300490,993.295,14.18
2020,422,634,711319,1779.967,0.034
2020,422,682,300490,6895.715,20.411
2020,422,682,711319,4725.075,
2020,422,784,300490,10796.58,129.805
2020,422,784,330210,8.231,7.006
2020,422,784,711319,85247.22,2.6
2020,422,818,330210,38.263,1.08
2020,422,818,711319,794.926,0.019
2020,682,276,300490,3.58,0.053
2020,682,276,711319,4.984,
2020,682,400,300490,13136.497,88.448
2020,682,400,711319,404.88,0.009
2020,682,784,300490,63475.817,2914.06
2020,682,784,711319,27341.922,0.839
2020,784,276,300490,89.479,0.674
2020,784,276,330210,432.652,2.895
2020,784,276,711319,6908.605,0.184
2020,784,400,300490,3746.939,116.318
2020,784,400,330210,1289.712,604.547
2020,784,400,711319,49662.372,1.172
2020,784,634,711319,11.023,0.001
2020,784,682,280920,7.156,1.011
2020,784,682,300490,36368.7,506.8
2020,784,682,310311,1.006,0.264
2020,784,682,330210,13721.892,295.343
2020,784,682,711319,332348.579,13.852
2020,784,818,280920,110.51,26.858
2020,784,818,300490,21050.575,106.462
2020,784,818,330210,1203.062,13.931
2020,784,818,711319,25978.222,0.558
2020,792,276,300490,28386.614,712.406
2020,792,276,330210,1134.728,191.702
2020,792,276,711319,440730.039,9.264
2020,792,400,300490,3991.637,471.196
2020,792,400,330210,2426.18,183.722
2020,792,400,711319,10299.69,0.25
2020,792,634,300490,4966.728,204.367
2020,792,634,330210,41.775,7.72
2020,792,634,711319,7587.156,0.209
2020,792,682,300490,2419.89,100.373
2020,792,682,330210,2444.426,318.144
2020,792,682,711319,13677.265,0.257
2020,792,784,300490,20669.813,1292.872
2020,792,784,330210,2675.802,254.722
2020,792,784,711319,530532.576,13.204
2020,792,818,280920,6.564,3.14
2020,792,818,300490,7014.006,184.721
2020,792,818,330210,1820.682,174.645
2020,792,818,711319,72842.503,1.646
2020,818,276,300490,857.824,557.752
2020,818,276,330210,12.349,2.252
2020,818,276,711319,5.251,
2020,818,400,300490,3581.675,24.115
2020,818,400,310311,23.999,83.717
2020,818,400,330210,4772.919,268.367
2020,818,400,711319,16.263,
2020,818,784,300490,7570.371,479.616
2020,818,784,310311,144.383,814.16
2020,818,784,330210,1555.152,314.555
2020,818,784,711319,14805.085,0.381
2021,300,276,300490,328954.0,8500.461
2021,300,276,330210,10.201,0.164
2021,300,276,711319,595.539,0.045
2021,300,400,300490,8924.161,2817.067
2021,300,400,330210,7.812,0.577
2021,300,634,300490,1138.897,20.782
2021,300,634,711319,165.516,0.005
2021,300,682,300490,6182.59,96.959
2021,300,682,330210,242.268,8.4
2021,300,682,711319,147.483,0.013
2021,300,784,300490,17217.911,359.166
2021,300,784,711319,739.575,0.02
2021,300,818,300490,1234.822,56.677
2021,300,818,330210,65.424,3.0
2021,380,276,280920,2193.187,1148.505
2021,380,276,300490,1905907.762,20640.362
2021,380,276,330210,8831.301,1147.17
2021,380,276,711319,165278.565,9.939
2021,380,400,300490,34343.913,641.169
2021,380,400,330210,43.771,1.65
2021,380,400,711319,62517.555,1.235
2021,380,634,280920,4.064,0.416
2021,380,634,300490,16283.782,253.747
2021,380,634,330210,14.587,0.3
2021,380,634,711319,39843.117,3.126
2021,380,682,300490,133354.884,2573.076
2021,380,682,330210,564.87,32.173
2021,380,682,711319,24987.685,0.612
2021,380,784,300490,172505.088,2383.042
2021,380,784,330210,977.975,65.476
2021,380,784,711319,1141073.486,36.84
2021,380,818,280920,25.022,19.176
2021,380,818,300490,12998.622,149.896
2021,380,818,330210,353.13,10.883
2021,380,818,711319,14672.558,0.301
2021,400,276,300490,194.209,5.27
2021,400,276,330210,15.918,0.644
2021,400,276,711319,425.05,0.018
2021,400,634,280920,40.432,37.329
2021,400,634,300490,14130.231,260.622
2021,400,634,330210,20.914,1.313
2021,400,682,280920,11129.67,14355.267
2021,400,682,300490,73846.695,1156.457
2021,400,682,310311,97.785,144.6
2021,400,682,330210,488.578,11.884
2021,400,682,711319,1395.383,0.022
2021,400,784,280920,132.919,138.637
2021,400,784,300490,42610.267,358.619
2021,400,784,330210,149.024,7.225
2021,400,784,711319,8510.025,0.209
2021,400,818,280920,9296.171,8582.688
2021,400,818,300490,8699.782,
2021,400,818,711319,168.332,0.004
2021,422,276,300490,174.765,0.181
2021,422,276,330210,5.548,2.686
2021,422,276,711319,78.85,0.001
2021,422,400,300490,2947.984,46.682
2021,422,400,330210,5.018,0.28
2021,422,400,711319,14350.777,0.358
2021,422,634,300490,1291.265,13.832
2021,422,634,330210,7.006,1.173
2021,422,634,711319,2649.15,0.07
2021,422,682,300490,1753.148,11.129
2021,422,682,330210,4.386,2.385
2021,422,682,711319,7250.839,0.066
2021,422,784,300490,11757.733,233.651
2021,422,784,330210,0.576,0.127
2021,422,784,711319,121081.547,1.982
2021,422,818,300490,995.737,15.234
2021,422,818,711319,2064.321,0.044
2021,682,276,300490,2.735,0.045
2021,682,276,711319,4.557,
2021,682,400,280920,23.519,27.329
2021,682,400,300490,10444.043,1208.877
2021,682,400,711319,461.3,0.012
2021,682,634,300490,17.298,0.03
2021,682,634,711319,1721.326,0.013
2021,682,784,280920,31.111,7.836
2021,682,784,300490,92145.062,2716.532
2021,682,784,330210,7.535,0.743
2021,682,784,711319,32258.499,0.973
2021,682,818,300490,30595.236,818.108
2021,682,818,711319,2.731,0.002
2021,784,276,300490,30.412,0.27
2021,784,276,330210,381.39,2.048
2021,784,276,711319,11973.694,0.279
2021,784,400,300490,51726.76,1175.86
2021,784,400,330210,133.565,58.926
2021,784,400,711319,217315.091,6.491
2021,784,634,280920,19.826,7.781
2021,784,634,300490,21410.248,292.149
2021,784,634,330210,4.66,0.09
2021,784,634,711319,238055.764,9.939
2021,784,682,280920,284.635,174.805
2021,784,682,300490,84614.87,1500.585
2021,784,682,310311,1.068,0.265
2021,784,682,330210,11012.548,190.563
2021,784,682,711319,573865.978,14.368
2021,784,818,280920,124.918,53.784
2021,784,818,300490,29083.612,223.606
2021,784,818,330210,3630.895,39.3
2021,784,818,711319,57030.49,1.334
2021,792,276,280920,1.602,0.132
2021,792,276,300490,47919.608,651.905
2021,792,276,330210,2395.18,232.441
2021,792,276,711319,132713.004,3.959
2021,792,400,280920,1.299,0.7
2021,792,400,300490,2810.162,1318.35
2021,792,400,330210,2565.941,199.482
2021,792,400,711319,10435.947,0.235
2021,792,634,300490,8431.118,701.807
2021,792,634,330210,27.499,5.529
2021,792,634,711319,27742.22,0.744
2021,792,682,300490,626.898,29.605
2021,792,682,711319,314.817,0.081
2021,792,784,300490,12997.329,1349.498
2021,792,784,330210,2566.399,237.12
2021,792,784,711319,1623673.353,41.51
2021,792,818,280920,17.302,3.449
2021,792,818,300490,7318.795,200.875
2021,792,818,330210,2193.848,207.738
2021,792,818,711319,209973.299,4.801
2021,818,276,300490,1003.389,639.888
2021,818,276,310311,777.552,2654.95
2021,818,276,330210,29.154,2.737
2021,818,276,711319,7.25,
2021,818,400,300490,5468.636,
2021,818,400,310311,17.024,38.837
2021,818,400,330210,1646.676,91.995
2021,818,400,711319,37.827,0.001
2021,818,634,300490,46.189,9.151
2021,818,682,300490,19245.617,855.458
2021,818,682,330210,3079.207,410.682
2021,818,682,711319,0.563,0.002
2021,818,784,300490,7445.112,680.604
2021,818,784,330210,841.334,92.523
2021,818,784,711319,19025.954,0.477
2022,300,276,280920,59.069,20.04
2022,300,276,300490,361574.374,10146.689
2022,300,276,330210,55.014,0.756
2022,300,276,711319,968.067,0.38
2022,300,400,300490,7248.435,1067.604
2022,300,400,330210,20.666,9.499
2022,300,400,711319,6.465,0.003
2022,300,634,300490,2368.764,28.093
2022,300,634,711319,451.948,0.006
2022,300,682,300490,7985.024,111.536
2022,300,682,330210,128.779,23.804
2022,300,682,711319,57.473,0.01
2022,300,784,300490,12526.331,453.128
2022,300,784,330210,7.25,0.9
2022,300,784,711319,379.891,0.048
2022,300,818,300490,2745.106,100.298
2022,300,818,330210,107.797,6.205
2022,380,276,280920,2149.902,959.886
2022,380,276,300490,1894550.43,20388.177
2022,380,276,330210,7626.551,1071.367
2022,380,276,711319,190731.84,6.438
2022,380,400,300490,35296.187,756.046
2022,380,400,330210,80.684,3.304
2022,380,400,711319,63417.447,1.98
2022,380,634,300490,20737.953,319.505
2022,380,634,330210,2.898,0.095
2022,380,634,711319,57239.661,0.819
2022,380,682,280920,3.024,1.2
2022,380,682,300490,166870.509,3249.477
2022,380,682,330210,835.434,38.125
2022,380,682,711319,25192.582,0.526
2022,380,784,300490,204478.729,4024.855
2022,380,784,330210,1032.959,60.016
2022,380,784,711319,1230329.684,36.142
2022,380,818,280920,20.294,5.74
2022,380,818,300490,9636.842,159.888
2022,380,818,330210,243.796,11.328
2022,380,818,711319,15340.524,0.328
2022,400,276,300490,65.321,1.464
2022,400,276,330210,2.416,0.198
2022,400,276,711319,210.462,0.01
2022,400,634,280920,47.392,49.874
2022,400,634,300490,20390.447,392.817
2022,400,634,310311,128.376,150.0
2022,400,634,330210,5.592,0.33
2022,400,682,280920,8975.756,7809.782
2022,400,682,300490,102629.493,1830.554
2022,400,682,330210,173.835,34.098
2022,400,682,711319,1834.922,0.022
2022,400,784,280920,148.321,80.338
2022,400,784,300490,44064.574,389.604
2022,400,784,330210,96.844,5.541
2022,400,784,711319,8114.344,0.225
2022,400,818,280920,3639.64,2542.847
2022,400,818,300490,15908.781,
2022,400,818,330210,0.041,0.002
2022,400,818,711319,0.222,
2022,422,276,300490,23.217,0.095
2022,422,276,330210,7.578,4.053
2022,422,276,711319,615.692,0.008
2022,422,400,300490,2990.366,82.444
2022,422,400,330210,8.681,0.499
2022,422,400,711319,12313.121,0.217
2022,422,634,300490,1167.972,13.043
2022,422,634,711319,4313.058,26.404
2022,422,784,300490,14101.004,123.749
2022,422,784,330210,22.847,10.257
2022,422,784,711319,202289.409,2.79
2022,422,818,300490,110.389,0.18
2022,422,818,330210,4.673,0.242
2022,422,818,711319,245.467,0.006
2022,682,276,300490,464.453,0.313
2022,682,276,330210,0.046,0.001
2022,682,276,711319,5.716,
2022,682,400,280920,72.75,75.0
2022,682,400,300490,16517.358,3050.771
2022,682,400,711319,2.155,
2022,682,634,280920,21.705,4.15
2022,682,634,300490,57.807,0.228
2022,682,634,711319,7508.73,0.018
2022,682,784,280920,7.373,0.7
2022,682,784,300490,119465.168,3716.733
2022,682,784,330210,46.744,0.56
2022,682,784,711319,80656.223,0.888
2022,682,818,300490,40420.491,639.674
2022,682,818,330210,3.153,0.254
2022,682,818,711319,62.026,0.003
2022,784,276,280920,232.371,77.0
2022,784,276,300490,61.631,3.734
2022,784,276,330210,545.274,16.286
2022,784,276,711319,8858.469,0.225
2022,784,400,280920,82.323,34.791
2022,784,400,300490,45508.142,911.868
2022,784,400,330210,262.709,81.99
2022,784,400,711319,246534.784,8.488
2022,784,634,280920,0.698,0.009
2022,784,634,300490,125455.424,928.494
2022,784,634,330210,127.301,2.351
2022,784,634,711319,610574.11,10.728
2022,784,682,280920,110.695,76.607
2022,784,682,300490,88765.259,2904.349
2022,784,682,330210,15419.947,265.045
2022,784,682,711319,734970.195,21.143
2022,784,818,280920,63.867,31.225
2022,784,818,300490,23099.004,786.596
2022,784,818,330210,4585.373,243.159
2022,784,818,711319,47273.938,1.241
2022,792,276,280920,4375.533,1668.019
2022,792,276,300490,67390.961,846.959
2022,792,276,330210,8104.717,421.311
2022,792,276,711319,104737.857,2.134
2022,792,400,280920,0.828,0.903
2022,792,400,300490,3339.545,1358.22
2022,792,400,330210,1651.01,184.675
2022,792,400,711319,46511.983,1.226
2022,792,634,280920,22.447,10.68
2022,792,634,300490,5328.573,213.657
2022,792,634,330210,36.062,4.2
2022,792,634,711319,24929.718,0.631
2022,792,682,300490,835.44,46.655
2022,792,682,330210,115.618,14.404
2022,792,682,711319,21003.693,0.468
2022,792,784,280920,39.991,14.003
2022,792,784,300490,14426.466,1176.269
2022,792,784,330210,2101.023,1315.834
2022,792,784,711319,2035373.972,56.11
2022,792,818,280920,442.044,209.845
2022,792,818,300490,4796.343,234.293
2022,792,818,330210,3278.333,297.846
2022,792,818,711319,165789.386,3.806
2022,818,276,300490,217.224,181.548
2022,818,276,330210,60.28,2.035
2022,818,276,711319,18.662,0.001
2022,818,400,300490,6258.869,
2022,818,400,310311,236.088,297.22
2022,818,400,330210,1786.566,134.78
2022,818,400,711319,69.194,
2022,818,634,300490,17.717,5.074
2022,818,634,711319,49.44,0.014
2022,818,682,280920,274.062,229.559
2022,818,682,300490,31460.157,1249.571
2022,818,682,330210,25337.856,855.308
2022,818,682,711319,142.751,0.009
2022,818,784,300490,6693.919,626.755
2022,818,784,310311,37.332,55.02
2022,818,784,330210,9012.214,254.107
2022,818,784,711319,1800.13,0.056
2023,300,276,300490,321776.574,11726.996
2023,300,276,330210,53.025,0.129
2023,300,276,711319,735.967,0.37
2023,300,400,300490,11305.027,1767.771
2023,300,400,330210,16.158,0.944
2023,300,634,300490,2305.422,12.215
2023,300,634,711319,190.787,0.009
2023,300,682,300490,8794.784,228.423
2023,300,682,330210,33.422,2.346
2023,300,682,711319,46.548,0.01
2023,300,784,300490,21052.847,972.566
2023,300,784,711319,195.577,0.024
2023,300,818,300490,2539.346,58.477
2023,300,818,330210,182.157,9.142
2023,300,818,711319,44.471,0.001
2023,380,276,280920,412.8,404.975
2023,380,276,300490,1802780.612,28691.31
2023,380,276,330210,9680.792,935.74
2023,380,276,711319,172203.904,5.506
2023,380,400,300490,24819.441,1061.87
2023,380,400,330210,99.83,4.438
2023,380,400,711319,62209.985,1.601
2023,380,634,280920,2.374,0.118
2023,380,634,300490,18085.424,247.638
2023,380,634,330210,128.698,3.25
2023,380,634,711319,46970.146,0.171
2023,380,682,300490,263261.018,3782.322
2023,380,682,330210,1141.571,52.358
2023,380,682,711319,39918.702,0.279
2023,380,784,280920,0.329,0.067
2023,380,784,300490,253308.316,4122.215
2023,380,784,330210,565.553,37.512
2023,380,784,711319,1324059.31,34.462
2023,380,818,280920,25.146,26.092
2023,380,818,300490,30175.067,786.373
2023,380,818,330210,266.784,8.084
2023,380,818,711319,18420.12,0.446
2023,400,276,300490,149.775,3.362
2023,400,276,330210,4.522,1.125
2023,400,276,711319,133.398,0.021
2023,400,634,280920,33.527,23.186
2023,400,634,300490,27558.652,
2023,400,634,310311,15.708,32.048
2023,400,682,280920,4583.596,3973.0
2023,400,682,300490,104096.172,
2023,400,682,330210,153.186,10.268
2023,400,682,711319,1313.468,0.021
2023,400,784,280920,149.781,111.963
2023,400,784,300490,49148.688,500.09
2023,400,784,330210,35.103,1.999
2023,400,784,711319,11659.834,0.284
2023,400,818,280920,4739.184,3489.615
2023,400,818,300490,16970.587,
2023,400,818,310311,40.021,86.593
2023,400,818,330210,10.647,0.48
2023,400,818,711319,39.079,0.001
2023,422,276,300490,0.479,0.005
2023,422,276,330210,6.945,4.102
2023,422,276,711319,54.199,0.002
2023,422,400,300490,3783.507,
2023,422,400,330210,30.319,1.727
2023,422,400,711319,6555.657,0.137
2023,422,634,300490,1258.366,
2023,422,634,330210,12.18,0.758
2023,422,634,711319,1262.472,0.024
2023,422,682,711319,4.244,
2023,422,784,300490,14371.355,120.027
2023,422,784,330210,1.147,0.579
2023,422,784,711319,223275.066,2.934
2023,422,818,300490,173.708,
2023,422,818,330210,3.473,0.21
2023,422,818,711319,236.381,0.005
2023,682,276,300490,27.4,0.029
2023,682,276,711319,3.971,
2023,682,400,300490,21997.591,
2023,682,400,711319,1781.093,
2023,682,634,280920,2.503,1.838
2023,682,634,300490,487.735,
2023,682,634,711319,31675.937,0.662
2023,682,784,280920,6.572,2.254
2023,682,784,300490,145032.659,4197.89
2023,682,784,330210,135.727,81.147
2023,682,784,711319,58799.657,1.41
2023,682,818,300490,17030.954,
2023,682,818,330210,1.447,0.087
2023,682,818,711319,0.455,
2023,784,276,300490,448.838,1.78
2023,784,276,330210,69.115,5.46
2023,784,276,711319,12689.537,0.285
2023,784,400,300490,3012.238,1262.37
2023,784,400,330210,346.101,138.002
2023,784,400,711319,197736.782,6.68
2023,784,634,280920,22.168,17.873
2023,784,634,300490,119122.995,974.893
2023,784,634,330210,97.451,4.775
2023,784,634,711319,43342.854,9.433
2023,784,682,280920,2.161,0.988
2023,784,682,300490,117938.534,732.37
2023,784,682,330210,18101.568,915.399
2023,784,682,711319,450736.368,21.304
2023,784,818,280920,40.935,30.83
2023,784,818,300490,7779.989,326.417
2023,784,818,330210,2525.649,128.114
2023,784,818,711319,6468.62,4.282
2023,792,276,280920,1724.11,1092.359
2023,792,276,300490,68300.774,1040.492
2023,792,276,330210,662.558,41.205
2023,792,276,711319,104664.766,1.899
2023,792,400,300490,3695.783,1163.29
2023,792,400,330210,3223.779,268.232
2023,792,400,711319,35304.296,0.873
2023,792,634,280920,0.15,0.05
2023,792,634,300490,5739.679,213.122
2023,792,634,330210,67.88,5.119
2023,792,634,711319,30227.434,0.677
2023,792,682,280920,0.272,0.084
2023,792,682,300490,1661.059,54.323
2023,792,682,330210,2547.522,134.753
2023,792,682,711319,55211.833,1.11
2023,792,784,280920,22.882,40.26
2023,792,784,300490,15694.321,1044.395
2023,792,784,330210,2850.567,274.3
2023,792,784,711319,2250889.576,42.427
2023,792,818,280920,738.594,499.742
2023,792,818,300490,12156.71,225.323
2023,792,818,330210,3202.179,203.651
2023,792,818,711319,111354.829,2.356
2023,818,276,300490,184.569,124.405
2023,818,276,330210,94.188,3.821
2023,818,276,711319,10.437,0.001
2023,818,400,300490,5572.109,
2023,818,400,310311,202.645,489.329
2023,818,400,330210,3365.302,85.788
2023,818,400,711319,341.322,
2023,818,634,300490,23.294,
2023,818,634,330210,2.08,0.121
2023,818,634,711319,15.727,
2023,818,682,280920,18.558,14.061
2023,818,682,300490,41976.381,
2023,818,682,330210,27778.861,691.905
2023,818,682,711319,2714.268,0.046
2023,818,784,300490,9222.83,779.08
2023,818,784,310311,124.794,280.798
2023,818,784,330210,8177.648,232.858
2023,818,784,711319,6482.879,0.091
2024,300,276,300490,234834.762,10753.052
2024,300,276,330210,79.991,0.815
2024,300,276,711319,656.613,0.353
2024,300,400,300490,11783.089,1586.252
2024,300,400,330210,28.857,2.385
2024,300,400,711319,50.43,0.005
2024,300,634,300490,2837.529,22.934
2024,300,634,711319,273.371,0.006
2024,300,682,300490,9327.493,158.248
2024,300,682,330210,54.241,11.967
2024,300,682,711319,40.995,0.019
2024,300,784,300490,11278.824,1261.337
2024,300,784,711319,2191.895,0.035
2024,300,818,300490,1245.035,25.643
2024,300,818,330210,312.272,19.516
2024,300,818,711319,4.236,0.001
2024,380,276,280920,1082.128,298.5
2024,380,276,300490,1668564.182,34857.813
2024,380,276,330210,10965.283,996.919
2024,380,276,711319,162266.939,5.342
2024,380,400,300490,16518.347,1139.15
2024,380,400,330210,150.502,5.685
2024,380,400,711319,66306.989,1.399
2024,380,634,280920,6.556,0.862
2024,380,634,300490,24571.892,449.529
2024,380,634,330210,10.344,0.072
2024,380,634,711319,51970.927,0.834
2024,380,682,280920,16.821,4.804
2024,380,682,300490,85564.098,3126.409
2024,380,682,330210,1315.106,70.575
2024,380,682,711319,64819.312,2.036
2024,380,784,300490,49713.153,2395.78
2024,380,784,330210,1553.021,74.473
2024,380,784,711319,1235478.264,25.963
2024,380,818,280920,5.645,0.602
2024,380,818,300490,157427.158,2033.67
2024,380,818,330210,479.344,40.263
2024,380,818,711319,15117.002,0.26
2024,400,276,300490,275.783,7.189
2024,400,276,330210,5.164,0.742
2024,400,276,711319,56.706,0.013
2024,400,634,280920,82.557,94.95
2024,400,634,300490,28303.654,579.594
2024,400,634,330210,11.03,2.04
2024,400,682,280920,5407.66,9768.6
2024,400,682,300490,143515.472,1531.08
2024,400,682,330210,137.033,7.492
2024,400,682,711319,4220.122,0.07
2024,400,818,280920,6858.364,6303.081
2024,400,818,300490,28630.744,
2024,400,818,330210,0.041,0.002
2024,422,276,300490,0.654,0.006
2024,422,276,330210,3.279,0.152
2024,422,276,711319,71.772,0.002
2024,422,400,300490,5600.988,
2024,422,400,330210,0.263,0.015
2024,422,400,711319,4917.018,0.101
2024,422,634,300490,1483.896,24.008
2024,422,634,330210,16.881,18.378
2024,422,634,711319,882.287,0.111
2024,422,784,300490,15116.186,
2024,422,784,330210,324.268,18.599
2024,422,784,711319,57109.48,1.171
2024,422,818,711319,21.004,
2024,682,276,300490,21.382,0.219
2024,682,276,330210,0.008,
2024,682,276,711319,7.516,
2024,682,400,300490,26558.948,4552.761
2024,682,400,711319,174.279,0.009
2024,682,634,300490,37.998,15.833
2024,682,634,330210,4.904,0.226
2024,682,634,711319,2849.894,0.133
2024,682,784,300490,167227.654,4189.744
2024,682,784,330210,718.203,50.792
2024,682,784,711319,445110.56,13.603
2024,682,818,300490,5196.666,199.476
2024,682,818,330210,1.022,0.028
2024,682,818,711319,619.959,0.003
2024,784,276,300490,7.066,0.109
2024,784,276,330210,591.902,5.91
2024,784,276,711319,16723.784,0.49
2024,784,634,280920,287.693,70.4
2024,784,634,330210,54.274,6.758
2024,784,634,711319,20059.01,0.542
2024,784,682,280920,0.424,0.188
2024,784,682,300490,56069.339,895.912
2024,784,682,330210,14061.868,313.246
2024,784,682,711319,435101.214,8.532
2024,784,818,280920,40.453,37.177
2024,784,818,300490,5155.49,
2024,784,818,330210,2508.092,120.108
2024,792,276,280920,80.588,70.34
2024,792,276,300490,50032.868,3469.693
2024,792,276,330210,586.538,334.7
2024,792,276,711319,121600.12,1.716
2024,792,400,280920,29.359,23.8
2024,792,400,300490,3588.901,694.333
2024,792,400,330210,4054.608,423.811
2024,792,400,711319,47161.63,1.006
2024,792,634,300490,5735.444,199.467
2024,792,634,330210,233.124,10.643
2024,792,634,711319,12941.393,1.247
2024,792,682,300490,2462.933,107.778
2024,792,682,330210,3487.334,463.307
2024,792,682,711319,64675.496,1.789
2024,792,784,280920,14.893,5.208
2024,792,784,300490,7847.842,2284.443
2024,792,784,330210,5021.321,511.699
2024,792,784,711319,2938036.114,46.64
2024,792,818,280920,685.163,571.513
2024,792,818,300490,10707.286,223.846
2024,792,818,330210,4658.952,315.101
2024,792,818,711319,123856.899,2.144
2024,818,276,300490,119.557,99.626
2024,818,276,330210,720.233,57.598
2024,818,276,711319,32.368,0.001
2024,818,400,300490,8326.406,
2024,818,400,310311,89.0,179.322
2024,818,400,330210,10062.676,569.131
2024,818,400,711319,2885.521,0.052
2024,818,634,300490,183.912,26.536
2024,818,634,330210,492.443,27.852
2024,818,634,711319,6.775,
2024,818,682,300490,62348.351,2585.795
2024,818,682,330210,22407.836,896.347
2024,818,682,711319,1266.59,0.028
2024,818,784,300490,6984.717,
2024,818,784,310311,90.419,182.181
2024,818,784,330210,24721.232,1398.198
2024,818,784,711319,2705.03,0.049
